species	kingdom	phylum	class	order	family	genus
Bacteroides_uniformis	Bacteria	Bacteroidetes	Bacteroidia	Bacteroidales	Bacteroidaceae	Bacteroides
Bacteroides_vulgatus	Bacteria	Bacteroidetes	Bacteroidia	Bacteroidales	Bacteroidaceae	Bacteroides
Bacteroides_ovatus	Bacteria	Bacteroidetes	Bacteroidia	Bacteroidales	Bacteroidaceae	Bacteroides
Bacteroides_stercoris	Bacteria	Bacteroidetes	Bacteroidia	Bacteroidales	Bacteroidaceae	Bacteroides
Alistipes_putredinis	Bacteria	Bacteroidetes	Bacteroidia	Bacteroidales	Rikenellaceae	Alistipes
Bacteroides_thetaiotaomicron	Bacteria	Bacteroidetes	Bacteroidia	Bacteroidales	Bacteroidaceae	Bacteroides
Oscillibacter_sp_CAG_241	Bacteria	Firmicutes	Clostridia	Clostridiales	Oscillospiraceae	Oscillibacter
Collinsella_intestinalis	Bacteria	Actinobacteria	Coriobacteriia	Coriobacteriales	Coriobacteriaceae	Collinsella
Barnesiella_intestinihominis	Bacteria	Bacteroidetes	Bacteroidia	Bacteroidales	Barnesiellaceae	Barnesiella
Proteobacteria_bacterium_CAG_139	Bacteria	Proteobacteria	Proteobacteria_unclassified	Proteobacteria_unclassified	Proteobacteria_unclassified	Proteobacteria_unclassified
Alistipes_indistinctus	Bacteria	Bacteroidetes	Bacteroidia	Bacteroidales	Rikenellaceae	Alistipes
Porphyromonas_asaccharolytica	Bacteria	Bacteroidetes	Bacteroidia	Bacteroidales	Porphyromonadaceae	Porphyromonas
Escherichia_coli	Bacteria	Proteobacteria	Gammaproteobacteria	Enterobacterales	Enterobacteriaceae	Escherichia
Bacteroides_massiliensis	Bacteria	Bacteroidetes	Bacteroidia	Bacteroidales	Bacteroidaceae	Bacteroides
Alistipes_finegoldii	Bacteria	Bacteroidetes	Bacteroidia	Bacteroidales	Rikenellaceae	Alistipes
Firmicutes_bacterium_CAG_83	Bacteria	Firmicutes	Firmicutes_unclassified	Firmicutes_unclassified	Firmicutes_unclassified	Firmicutes_unclassified
Parabacteroides_merdae	Bacteria	Bacteroidetes	Bacteroidia	Bacteroidales	Tannerellaceae	Parabacteroides
Akkermansia_muciniphila	Bacteria	Verrucomicrobia	Verrucomicrobiae	Verrucomicrobiales	Akkermansiaceae	Akkermansia
Alistipes_shahii	Bacteria	Bacteroidetes	Bacteroidia	Bacteroidales	Rikenellaceae	Alistipes
Streptococcus_salivarius	Bacteria	Firmicutes	Bacilli	Lactobacillales	Streptococcaceae	Streptococcus
Bilophila_wadsworthia	Bacteria	Proteobacteria	Deltaproteobacteria	Desulfovibrionales	Desulfovibrionaceae	Bilophila
Odoribacter_splanchnicus	Bacteria	Bacteroidetes	Bacteroidia	Bacteroidales	Odoribacteraceae	Odoribacter
Bacteroides_dorei	Bacteria	Bacteroidetes	Bacteroidia	Bacteroidales	Bacteroidaceae	Bacteroides
Parabacteroides_distasonis	Bacteria	Bacteroidetes	Bacteroidia	Bacteroidales	Tannerellaceae	Parabacteroides
Bacteroides_cellulosilyticus	Bacteria	Bacteroidetes	Bacteroidia	Bacteroidales	Bacteroidaceae	Bacteroides
Lactobacillus_mucosae	Bacteria	Firmicutes	Bacilli	Lactobacillales	Lactobacillaceae	Lactobacillus
Lactobacillus_phage_JCL1032	Viruses	Viruses_unclassified	Viruses_unclassified	Caudovirales	Siphoviridae	Siphoviridae_unclassified
Ruthenibacterium_lactatiformans	Bacteria	Firmicutes	Clostridia	Clostridiales	Ruminococcaceae	Ruthenibacterium
Streptococcus_parasanguinis	Bacteria	Firmicutes	Bacilli	Lactobacillales	Streptococcaceae	Streptococcus
Clostridium_clostridioforme	Bacteria	Firmicutes	Clostridia	Clostridiales	Lachnospiraceae	Lachnoclostridium
Parasutterella_excrementihominis	Bacteria	Proteobacteria	Betaproteobacteria	Burkholderiales	Sutterellaceae	Parasutterella
Blautia_hydrogenotrophica	Bacteria	Firmicutes	Clostridia	Clostridiales	Lachnospiraceae	Blautia
Intestinimonas_butyriciproducens	Bacteria	Firmicutes	Clostridia	Clostridiales	Clostridiales_unclassified	Intestinimonas
Anaeromassilibacillus_sp_An250	Bacteria	Firmicutes	Clostridia	Clostridiales	Ruminococcaceae	Anaeromassilibacillus
Klebsiella_variicola	Bacteria	Proteobacteria	Gammaproteobacteria	Enterobacterales	Enterobacteriaceae	Klebsiella
Clostridium_symbiosum	Bacteria	Firmicutes	Clostridia	Clostridiales	Lachnospiraceae	Lachnoclostridium
Streptococcus_thermophilus	Bacteria	Firmicutes	Bacilli	Lactobacillales	Streptococcaceae	Streptococcus
Prevotella_copri	Bacteria	Bacteroidetes	Bacteroidia	Bacteroidales	Prevotellaceae	Prevotella
Clostridium_sp_CAG_58	Bacteria	Firmicutes	Clostridia	Clostridiales	Clostridiaceae	Clostridium
Sellimonas_intestinalis	Bacteria	Firmicutes	Clostridia	Clostridiales	Lachnospiraceae	Sellimonas
Turicimonas_muris	Bacteria	Proteobacteria	Betaproteobacteria	Burkholderiales	Sutterellaceae	Turicimonas
Lactobacillus_delbrueckii	Bacteria	Firmicutes	Bacilli	Lactobacillales	Lactobacillaceae	Lactobacillus
Roseburia_inulinivorans	Bacteria	Firmicutes	Clostridia	Clostridiales	Lachnospiraceae	Roseburia
Streptococcus_virus_phiAbc2	Viruses	Viruses_unclassified	Viruses_unclassified	Caudovirales	Siphoviridae	Sfi21dt1virus
Bifidobacterium_adolescentis	Bacteria	Actinobacteria	Actinobacteria	Bifidobacteriales	Bifidobacteriaceae	Bifidobacterium
Bifidobacterium_longum	Bacteria	Actinobacteria	Actinobacteria	Bifidobacteriales	Bifidobacteriaceae	Bifidobacterium
Lactobacillus_prophage_Lj771	Viruses	Viruses_unclassified	Viruses_unclassified	Caudovirales	Myoviridae	Myoviridae_unclassified
Klebsiella_pneumoniae	Bacteria	Proteobacteria	Gammaproteobacteria	Enterobacterales	Enterobacteriaceae	Klebsiella
Phascolarctobacterium_faecium	Bacteria	Firmicutes	Negativicutes	Acidaminococcales	Acidaminococcaceae	Phascolarctobacterium
Clostridium_lavalense	Bacteria	Firmicutes	Clostridia	Clostridiales	Lachnospiraceae	Lachnoclostridium
Dielma_fastidiosa	Bacteria	Firmicutes	Erysipelotrichia	Erysipelotrichales	Erysipelotrichaceae	Dielma
Clostridium_innocuum	Bacteria	Firmicutes	Erysipelotrichia	Erysipelotrichales	Erysipelotrichaceae	Erysipelatoclostridium
Collinsella_stercoris	Bacteria	Actinobacteria	Coriobacteriia	Coriobacteriales	Coriobacteriaceae	Collinsella
Asaccharobacter_celatus	Bacteria	Actinobacteria	Coriobacteriia	Eggerthellales	Eggerthellaceae	Asaccharobacter
Dorea_sp_CAG_317	Bacteria	Firmicutes	Clostridia	Clostridiales	Lachnospiraceae	Dorea
Streptococcus_oralis	Bacteria	Firmicutes	Bacilli	Lactobacillales	Streptococcaceae	Streptococcus
Lactobacillus_fermentum	Bacteria	Firmicutes	Bacilli	Lactobacillales	Lactobacillaceae	Lactobacillus
Haemophilus_sp_HMSC71H05	Bacteria	Proteobacteria	Gammaproteobacteria	Pasteurellales	Pasteurellaceae	Haemophilus
Faecalibacterium_prausnitzii	Bacteria	Firmicutes	Clostridia	Clostridiales	Ruminococcaceae	Faecalibacterium
Lactococcus_virus_bIL67	Viruses	Viruses_unclassified	Viruses_unclassified	Caudovirales	Siphoviridae	C2virus
Roseburia_faecis	Bacteria	Firmicutes	Clostridia	Clostridiales	Lachnospiraceae	Roseburia
Hungatella_hathewayi	Bacteria	Firmicutes	Clostridia	Clostridiales	Clostridiaceae	Hungatella
Peptoniphilus_harei	Bacteria	Firmicutes	Tissierellia	Tissierellales	Peptoniphilaceae	Peptoniphilus
Clostridium_sp_CAG_242	Bacteria	Firmicutes	Clostridia	Clostridiales	Clostridiaceae	Clostridium
Ruminococcaceae_bacterium_D16	Bacteria	Firmicutes	Clostridia	Clostridiales	Ruminococcaceae	Ruminococcaceae_unclassified
Bacteroides_intestinalis	Bacteria	Bacteroidetes	Bacteroidia	Bacteroidales	Bacteroidaceae	Bacteroides
Adlercreutzia_equolifaciens	Bacteria	Actinobacteria	Coriobacteriia	Eggerthellales	Eggerthellaceae	Adlercreutzia
Gordonibacter_pamelaeae	Bacteria	Actinobacteria	Coriobacteriia	Eggerthellales	Eggerthellaceae	Gordonibacter
Blautia_hansenii	Bacteria	Firmicutes	Clostridia	Clostridiales	Lachnospiraceae	Blautia
Holdemania_filiformis	Bacteria	Firmicutes	Erysipelotrichia	Erysipelotrichales	Erysipelotrichaceae	Holdemania
Clostridium_leptum	Bacteria	Firmicutes	Clostridia	Clostridiales	Ruminococcaceae	Ruminococcaceae_unclassified
Oxalobacter_formigenes	Bacteria	Proteobacteria	Betaproteobacteria	Burkholderiales	Oxalobacteraceae	Oxalobacter
Flavonifractor_plautii	Bacteria	Firmicutes	Clostridia	Clostridiales	Ruminococcaceae	Flavonifractor
Streptococcus_infantis	Bacteria	Firmicutes	Bacilli	Lactobacillales	Streptococcaceae	Streptococcus
Anaerotignum_lactatifermentans	Bacteria	Firmicutes	Clostridia	Clostridiales	Lachnospiraceae	Anaerotignum
Dialister_invisus	Bacteria	Firmicutes	Negativicutes	Veillonellales	Veillonellaceae	Dialister
Clostridium_bolteae	Bacteria	Firmicutes	Clostridia	Clostridiales	Lachnospiraceae	Lachnoclostridium
Bacteroides_xylanisolvens	Bacteria	Bacteroidetes	Bacteroidia	Bacteroidales	Bacteroidaceae	Bacteroides
Haemophilus_parainfluenzae	Bacteria	Proteobacteria	Gammaproteobacteria	Pasteurellales	Pasteurellaceae	Haemophilus
Tyzzerella_nexilis	Bacteria	Firmicutes	Clostridia	Clostridiales	Lachnospiraceae	Tyzzerella
Gemmiger_formicilis	Bacteria	Firmicutes	Clostridia	Clostridiales	Ruminococcaceae	Gemmiger
Blautia_obeum	Bacteria	Firmicutes	Clostridia	Clostridiales	Lachnospiraceae	Blautia
Eubacterium_siraeum	Bacteria	Firmicutes	Clostridia	Clostridiales	Ruminococcaceae	Ruminococcaceae_unclassified
Eubacterium_sp_CAG_180	Bacteria	Firmicutes	Clostridia	Clostridiales	Eubacteriaceae	Eubacterium
Parabacteroides_johnsonii	Bacteria	Bacteroidetes	Bacteroidia	Bacteroidales	Tannerellaceae	Parabacteroides
Eubacterium_rectale	Bacteria	Firmicutes	Clostridia	Clostridiales	Lachnospiraceae	Lachnospiraceae_unclassified
Roseburia_intestinalis	Bacteria	Firmicutes	Clostridia	Clostridiales	Lachnospiraceae	Roseburia
Bacteroides_caccae	Bacteria	Bacteroidetes	Bacteroidia	Bacteroidales	Bacteroidaceae	Bacteroides
Klebsiella_virus_KP15	Viruses	Viruses_unclassified	Viruses_unclassified	Caudovirales	Myoviridae	Kp15virus
Eubacterium_ventriosum	Bacteria	Firmicutes	Clostridia	Clostridiales	Eubacteriaceae	Eubacterium
Agathobaculum_butyriciproducens	Bacteria	Firmicutes	Clostridia	Clostridiales	Ruminococcaceae	Agathobaculum
Ruminococcus_torques	Bacteria	Firmicutes	Clostridia	Clostridiales	Lachnospiraceae	Blautia
Collinsella_aerofaciens	Bacteria	Actinobacteria	Coriobacteriia	Coriobacteriales	Coriobacteriaceae	Collinsella
Ruminococcus_bromii	Bacteria	Firmicutes	Clostridia	Clostridiales	Ruminococcaceae	Ruminococcus
Bacteroides_fragilis	Bacteria	Bacteroidetes	Bacteroidia	Bacteroidales	Bacteroidaceae	Bacteroides
Bacteroides_finegoldii	Bacteria	Bacteroidetes	Bacteroidia	Bacteroidales	Bacteroidaceae	Bacteroides
Coprococcus_comes	Bacteria	Firmicutes	Clostridia	Clostridiales	Lachnospiraceae	Coprococcus
Fusicatenibacter_saccharivorans	Bacteria	Firmicutes	Clostridia	Clostridiales	Lachnospiraceae	Fusicatenibacter
Dorea_longicatena	Bacteria	Firmicutes	Clostridia	Clostridiales	Lachnospiraceae	Dorea
Intestinibacter_bartlettii	Bacteria	Firmicutes	Clostridia	Clostridiales	Peptostreptococcaceae	Intestinibacter
Lawsonibacter_asaccharolyticus	Bacteria	Firmicutes	Clostridia	Clostridiales	Clostridiales_unclassified	Lawsonibacter
Citrobacter_freundii	Bacteria	Proteobacteria	Gammaproteobacteria	Enterobacterales	Enterobacteriaceae	Citrobacter
Monoglobus_pectinilyticus	Bacteria	Firmicutes	Clostridia	Clostridiales	Clostridiales_unclassified	Monoglobus
Klebsiella_oxytoca	Bacteria	Proteobacteria	Gammaproteobacteria	Enterobacterales	Enterobacteriaceae	Klebsiella
Ruminococcus_bicirculans	Bacteria	Firmicutes	Clostridia	Clostridiales	Ruminococcaceae	Ruminococcus
Coprococcus_eutactus	Bacteria	Firmicutes	Clostridia	Clostridiales	Lachnospiraceae	Coprococcus
Ruminococcus_gnavus	Bacteria	Firmicutes	Clostridia	Clostridiales	Lachnospiraceae	Blautia
Lachnospira_pectinoschiza	Bacteria	Firmicutes	Clostridia	Clostridiales	Lachnospiraceae	Lachnospira
Lactococcus_phage_bIL310	Viruses	Viruses_unclassified	Viruses_unclassified	Caudovirales	Siphoviridae	Siphoviridae_unclassified
Citrobacter_youngae	Bacteria	Proteobacteria	Gammaproteobacteria	Enterobacterales	Enterobacteriaceae	Citrobacter
Blautia_wexlerae	Bacteria	Firmicutes	Clostridia	Clostridiales	Lachnospiraceae	Blautia
Dorea_formicigenerans	Bacteria	Firmicutes	Clostridia	Clostridiales	Lachnospiraceae	Dorea
Ruminococcus_lactaris	Bacteria	Firmicutes	Clostridia	Clostridiales	Ruminococcaceae	Ruminococcus
Enterococcus_faecalis	Bacteria	Firmicutes	Bacilli	Lactobacillales	Enterococcaceae	Enterococcus
Lactococcus_phage_ul36	Viruses	Viruses_unclassified	Viruses_unclassified	Caudovirales	Siphoviridae	Siphoviridae_unclassified
Oscillibacter_sp_57_20	Bacteria	Firmicutes	Clostridia	Clostridiales	Oscillospiraceae	Oscillibacter
Clostridium_sp_CAG_299	Bacteria	Firmicutes	Clostridia	Clostridiales	Clostridiaceae	Clostridium
Acidaminococcus_intestini	Bacteria	Firmicutes	Negativicutes	Acidaminococcales	Acidaminococcaceae	Acidaminococcus
Eubacterium_eligens	Bacteria	Firmicutes	Clostridia	Clostridiales	Eubacteriaceae	Eubacterium
Roseburia_hominis	Bacteria	Firmicutes	Clostridia	Clostridiales	Lachnospiraceae	Roseburia
Eisenbergiella_massiliensis	Bacteria	Firmicutes	Clostridia	Clostridiales	Lachnospiraceae	Eisenbergiella
Bacteroides_nordii	Bacteria	Bacteroidetes	Bacteroidia	Bacteroidales	Bacteroidaceae	Bacteroides
Streptococcus_vestibularis	Bacteria	Firmicutes	Bacilli	Lactobacillales	Streptococcaceae	Streptococcus
Lactococcus_phage_bIL285	Viruses	Viruses_unclassified	Viruses_unclassified	Caudovirales	Siphoviridae	Siphoviridae_unclassified
Lactococcus_phage_P335_sensu_lato	Viruses	Viruses_unclassified	Viruses_unclassified	Caudovirales	Siphoviridae	Siphoviridae_unclassified
Anaerotruncus_colihominis	Bacteria	Firmicutes	Clostridia	Clostridiales	Ruminococcaceae	Anaerotruncus
Anaerostipes_hadrus	Bacteria	Firmicutes	Clostridia	Clostridiales	Lachnospiraceae	Anaerostipes
Firmicutes_bacterium_CAG_95	Bacteria	Firmicutes	Firmicutes_unclassified	Firmicutes_unclassified	Firmicutes_unclassified	Firmicutes_unclassified
Clostridium_sp_CAG_253	Bacteria	Firmicutes	Clostridia	Clostridiales	Clostridiaceae	Clostridium
Blautia_sp_CAG_257	Bacteria	Firmicutes	Clostridia	Clostridiales	Lachnospiraceae	Blautia
Cyprinid_herpesvirus_3	Viruses	Viruses_unclassified	Viruses_unclassified	Herpesvirales	Alloherpesviridae	Cyprinivirus
Christensenella_minuta	Bacteria	Firmicutes	Clostridia	Clostridiales	Christensenellaceae	Christensenella
Candidatus_Stoquefichus_sp_KLE1796	Bacteria	Firmicutes	Erysipelotrichia	Erysipelotrichales	Erysipelotrichaceae	Candidatus_Stoquefichus
[Collinsella]_massiliensis	Bacteria	Actinobacteria	Coriobacteriia	Coriobacteriales	Coriobacteriaceae	Enorma
Clostridium_citroniae	Bacteria	Firmicutes	Clostridia	Clostridiales	Lachnospiraceae	Lachnoclostridium
Harryflintia_acetispora	Bacteria	Firmicutes	Clostridia	Clostridiales	Ruminococcaceae	Harryflintia
Alistipes_sp_An31A	Bacteria	Bacteroidetes	Bacteroidia	Bacteroidales	Rikenellaceae	Alistipes
Bacteroides_sp_CAG_144	Bacteria	Bacteroidetes	Bacteroidia	Bacteroidales	Bacteroidaceae	Bacteroides
Bacteroides_faecis	Bacteria	Bacteroidetes	Bacteroidia	Bacteroidales	Bacteroidaceae	Bacteroides
Alistipes_inops	Bacteria	Bacteroidetes	Bacteroidia	Bacteroidales	Rikenellaceae	Alistipes
Turicibacter_sanguinis	Bacteria	Firmicutes	Erysipelotrichia	Erysipelotrichales	Erysipelotrichaceae	Turicibacter
Paraprevotella_xylaniphila	Bacteria	Bacteroidetes	Bacteroidia	Bacteroidales	Prevotellaceae	Paraprevotella
Coprobacter_fastidiosus	Bacteria	Bacteroidetes	Bacteroidia	Bacteroidales	Barnesiellaceae	Coprobacter
Firmicutes_bacterium_CAG_110	Bacteria	Firmicutes	Firmicutes_unclassified	Firmicutes_unclassified	Firmicutes_unclassified	Firmicutes_unclassified
Phascolarctobacterium_sp_CAG_266	Bacteria	Firmicutes	Negativicutes	Acidaminococcales	Acidaminococcaceae	Phascolarctobacterium
Bacteroides_eggerthii	Bacteria	Bacteroidetes	Bacteroidia	Bacteroidales	Bacteroidaceae	Bacteroides
Bacteroides_clarus	Bacteria	Bacteroidetes	Bacteroidia	Bacteroidales	Bacteroidaceae	Bacteroides
Streptococcus_phage_MM1	Viruses	Viruses_unclassified	Viruses_unclassified	Caudovirales	Siphoviridae	Siphoviridae_unclassified
Streptococcus_virus_7201	Viruses	Viruses_unclassified	Viruses_unclassified	Caudovirales	Siphoviridae	Sfi21dt1virus
Butyricimonas_synergistica	Bacteria	Bacteroidetes	Bacteroidia	Bacteroidales	Odoribacteraceae	Butyricimonas
Eubacterium_sp_CAG_38	Bacteria	Firmicutes	Clostridia	Clostridiales	Eubacteriaceae	Eubacterium
Eubacterium_ramulus	Bacteria	Firmicutes	Clostridia	Clostridiales	Eubacteriaceae	Eubacterium
Clostridium_disporicum	Bacteria	Firmicutes	Clostridia	Clostridiales	Clostridiaceae	Clostridium
Butyricimonas_virosa	Bacteria	Bacteroidetes	Bacteroidia	Bacteroidales	Odoribacteraceae	Butyricimonas
Coprobacter_secundus	Bacteria	Bacteroidetes	Bacteroidia	Bacteroidales	Barnesiellaceae	Coprobacter
Desulfovibrionaceae_bacterium	Bacteria	Proteobacteria	Deltaproteobacteria	Desulfovibrionales	Desulfovibrionaceae	Desulfovibrionaceae_unclassified
Paraprevotella_clara	Bacteria	Bacteroidetes	Bacteroidia	Bacteroidales	Prevotellaceae	Paraprevotella
Adoxophyes_orana_granulovirus	Viruses	Viruses_unclassified	Viruses_unclassified	Viruses_unclassified	Baculoviridae	Betabaculovirus
Sutterella_parvirubra	Bacteria	Proteobacteria	Betaproteobacteria	Burkholderiales	Sutterellaceae	Sutterella
Methanobrevibacter_smithii	Archaea	Euryarchaeota	Methanobacteria	Methanobacteriales	Methanobacteriaceae	Methanobrevibacter
Alistipes_timonensis	Bacteria	Bacteroidetes	Bacteroidia	Bacteroidales	Rikenellaceae	Alistipes
Eubacterium_hallii	Bacteria	Firmicutes	Clostridia	Clostridiales	Eubacteriaceae	Eubacterium
Eubacterium_sp_CAG_274	Bacteria	Firmicutes	Clostridia	Clostridiales	Eubacteriaceae	Eubacterium
Blautia_sp_N6H1_15	Bacteria	Firmicutes	Clostridia	Clostridiales	Lachnospiraceae	Blautia
Clostridium_scindens	Bacteria	Firmicutes	Clostridia	Clostridiales	Lachnospiraceae	Lachnoclostridium
Blautia_producta	Bacteria	Firmicutes	Clostridia	Clostridiales	Lachnospiraceae	Blautia
Erysipelatoclostridium_ramosum	Bacteria	Firmicutes	Erysipelotrichia	Erysipelotrichales	Erysipelotrichaceae	Erysipelatoclostridium
Anaerofustis_stercorihominis	Bacteria	Firmicutes	Clostridia	Clostridiales	Eubacteriaceae	Anaerofustis
Eggerthella_lenta	Bacteria	Actinobacteria	Coriobacteriia	Eggerthellales	Eggerthellaceae	Eggerthella
Lactococcus_phage_bIL312	Viruses	Viruses_unclassified	Viruses_unclassified	Caudovirales	Siphoviridae	Siphoviridae_unclassified
Lactonifactor_longoviformis	Bacteria	Firmicutes	Clostridia	Clostridiales	Clostridiaceae	Lactonifactor
Pseudomonas_phage_F10	Viruses	Viruses_unclassified	Viruses_unclassified	Caudovirales	Siphoviridae	Siphoviridae_unclassified
Lactococcus_phage_bIL309	Viruses	Viruses_unclassified	Viruses_unclassified	Caudovirales	Siphoviridae	Siphoviridae_unclassified
Pseudomonas_phage_PA16	Viruses	Viruses_unclassified	Viruses_unclassified	Viruses_unclassified	Viruses_unclassified	Viruses_unclassified
Pseudomonas_virus_phiCTX	Viruses	Viruses_unclassified	Viruses_unclassified	Caudovirales	Myoviridae	P2virus
Actinobaculum_sp_oral_taxon_183	Bacteria	Actinobacteria	Actinobacteria	Actinomycetales	Actinomycetaceae	Actinobaculum
Blautia_coccoides	Bacteria	Firmicutes	Clostridia	Clostridiales	Lachnospiraceae	Blautia
Clostridium_bolteae_CAG_59	Bacteria	Firmicutes	Clostridia	Clostridiales	Clostridiaceae	Clostridium
Enterorhabdus_caecimuris	Bacteria	Actinobacteria	Coriobacteriia	Eggerthellales	Eggerthellaceae	Enterorhabdus
Firmicutes_bacterium_CAG_145	Bacteria	Firmicutes	Firmicutes_unclassified	Firmicutes_unclassified	Firmicutes_unclassified	Firmicutes_unclassified
Clostridium_aldenense	Bacteria	Firmicutes	Clostridia	Clostridiales	Lachnospiraceae	Lachnoclostridium
Lactococcus_lactis	Bacteria	Firmicutes	Bacilli	Lactobacillales	Streptococcaceae	Lactococcus
Firmicutes_bacterium_CAG_424	Bacteria	Firmicutes	Firmicutes_unclassified	Firmicutes_unclassified	Firmicutes_unclassified	Firmicutes_unclassified
Eubacterium_sp_CAG_251	Bacteria	Firmicutes	Clostridia	Clostridiales	Eubacteriaceae	Eubacterium
Enterobacter_cloacae_complex	Bacteria	Proteobacteria	Gammaproteobacteria	Enterobacterales	Enterobacteriaceae	Enterobacter
Dialister_sp_CAG_357	Bacteria	Firmicutes	Negativicutes	Veillonellales	Veillonellaceae	Dialister
Slackia_isoflavoniconvertens	Bacteria	Actinobacteria	Coriobacteriia	Eggerthellales	Eggerthellaceae	Slackia
Clostridium_saccharolyticum	Bacteria	Firmicutes	Clostridia	Clostridiales	Lachnospiraceae	Lachnoclostridium
Clostridium_spiroforme	Bacteria	Firmicutes	Erysipelotrichia	Erysipelotrichales	Erysipelotrichaceae	Erysipelatoclostridium
Clostridium_sp_CAG_167	Bacteria	Firmicutes	Clostridia	Clostridiales	Clostridiaceae	Clostridium
Lactococcus_phage_BK5_T	Viruses	Viruses_unclassified	Viruses_unclassified	Caudovirales	Siphoviridae	Siphoviridae_unclassified
Holdemanella_biformis	Bacteria	Firmicutes	Erysipelotrichia	Erysipelotrichales	Erysipelotrichaceae	Holdemanella
Streptococcus_phage_PH10	Viruses	Viruses_unclassified	Viruses_unclassified	Caudovirales	Siphoviridae	Siphoviridae_unclassified
Parvimonas_micra	Bacteria	Firmicutes	Tissierellia	Tissierellales	Peptoniphilaceae	Parvimonas
Klebsiella_quasipneumoniae	Bacteria	Proteobacteria	Gammaproteobacteria	Enterobacterales	Enterobacteriaceae	Klebsiella
Lactobacillus_rhamnosus	Bacteria	Firmicutes	Bacilli	Lactobacillales	Lactobacillaceae	Lactobacillus
Catabacter_hongkongensis	Bacteria	Firmicutes	Clostridia	Clostridiales	Catabacteriaceae	Catabacter
Gemella_sanguinis	Bacteria	Firmicutes	Bacilli	Bacillales	Bacillales_unclassified	Gemella
Klebsiella_michiganensis	Bacteria	Proteobacteria	Gammaproteobacteria	Enterobacterales	Enterobacteriaceae	Klebsiella
Actinomyces_odontolyticus	Bacteria	Actinobacteria	Actinobacteria	Actinomycetales	Actinomycetaceae	Actinomyces
Streptococcus_sp_A12	Bacteria	Firmicutes	Bacilli	Lactobacillales	Streptococcaceae	Streptococcus
Streptococcus_anginosus_group	Bacteria	Firmicutes	Bacilli	Lactobacillales	Streptococcaceae	Streptococcus
Peptoniphilus_lacrimalis	Bacteria	Firmicutes	Tissierellia	Tissierellales	Peptoniphilaceae	Peptoniphilus
Escherichia_virus_RB14	Viruses	Viruses_unclassified	Viruses_unclassified	Caudovirales	Myoviridae	T4virus
Shigella_virus_SP18	Viruses	Viruses_unclassified	Viruses_unclassified	Caudovirales	Myoviridae	Sp18virus
Lactobacillus_acidophilus	Bacteria	Firmicutes	Bacilli	Lactobacillales	Lactobacillaceae	Lactobacillus
Eisenbergiella_tayi	Bacteria	Firmicutes	Clostridia	Clostridiales	Lachnospiraceae	Eisenbergiella
Lactococcus_phage_bIL286	Viruses	Viruses_unclassified	Viruses_unclassified	Caudovirales	Siphoviridae	Siphoviridae_unclassified
Actinomyces_sp_oral_taxon_181	Bacteria	Actinobacteria	Actinobacteria	Actinomycetales	Actinomycetaceae	Actinomyces
Bifidobacterium_dentium	Bacteria	Actinobacteria	Actinobacteria	Bifidobacteriales	Bifidobacteriaceae	Bifidobacterium
Clostridium_sp_chh4_2	Bacteria	Firmicutes	Clostridia	Clostridiales	Clostridiaceae	Clostridium
Veillonella_atypica	Bacteria	Firmicutes	Negativicutes	Veillonellales	Veillonellaceae	Veillonella
Coprococcus_catus	Bacteria	Firmicutes	Clostridia	Clostridiales	Lachnospiraceae	Coprococcus
Faecalitalea_cylindroides	Bacteria	Firmicutes	Erysipelotrichia	Erysipelotrichales	Erysipelotrichaceae	Faecalitalea
Lactobacillus_salivarius	Bacteria	Firmicutes	Bacilli	Lactobacillales	Lactobacillaceae	Lactobacillus
Ruminococcus_callidus	Bacteria	Firmicutes	Clostridia	Clostridiales	Ruminococcaceae	Ruminococcus
Lactobacillus_rogosae	Bacteria	Firmicutes	Bacilli	Lactobacillales	Lactobacillaceae	Lactobacillus
Klebsiella_virus_KP34	Viruses	Viruses_unclassified	Viruses_unclassified	Caudovirales	Podoviridae	Kp34virus
Lactobacillus_phage_phiadh	Viruses	Viruses_unclassified	Viruses_unclassified	Caudovirales	Siphoviridae	Siphoviridae_unclassified
Salmonella_phage_Fels_1	Viruses	Viruses_unclassified	Viruses_unclassified	Viruses_unclassified	Viruses_unclassified	Viruses_unclassified
Veillonella_parvula	Bacteria	Firmicutes	Negativicutes	Veillonellales	Veillonellaceae	Veillonella
Clostridiales_bacterium_1_7_47FAA	Bacteria	Firmicutes	Clostridia	Clostridiales	Clostridiales_unclassified	Clostridiales_unclassified
Clostridium_asparagiforme	Bacteria	Firmicutes	Clostridia	Clostridiales	Lachnospiraceae	Lachnoclostridium
Lactobacillus_paragasseri	Bacteria	Firmicutes	Bacilli	Lactobacillales	Lactobacillaceae	Lactobacillus
Streptococcus_mutans	Bacteria	Firmicutes	Bacilli	Lactobacillales	Streptococcaceae	Streptococcus
Romboutsia_ilealis	Bacteria	Firmicutes	Clostridia	Clostridiales	Peptostreptococcaceae	Romboutsia
Bifidobacterium_animalis	Bacteria	Actinobacteria	Actinobacteria	Bifidobacteriales	Bifidobacteriaceae	Bifidobacterium
Bifidobacterium_pseudocatenulatum	Bacteria	Actinobacteria	Actinobacteria	Bifidobacteriales	Bifidobacteriaceae	Bifidobacterium
Enterobacteria_phage_mEp460	Viruses	Viruses_unclassified	Viruses_unclassified	Caudovirales	Siphoviridae	Siphoviridae_unclassified
Lactococcus_phage_jm3	Viruses	Viruses_unclassified	Viruses_unclassified	Caudovirales	Siphoviridae	Sk1virus
Leuconostoc_mesenteroides	Bacteria	Firmicutes	Bacilli	Lactobacillales	Leuconostocaceae	Leuconostoc
Bacteroides_coprocola	Bacteria	Bacteroidetes	Bacteroidia	Bacteroidales	Bacteroidaceae	Bacteroides
Bacteroides_phage_B124_14	Viruses	Viruses_unclassified	Viruses_unclassified	Caudovirales	Siphoviridae	Siphoviridae_unclassified
Parabacteroides_goldsteinii	Bacteria	Bacteroidetes	Bacteroidia	Bacteroidales	Tannerellaceae	Parabacteroides
Streptococcus_sanguinis	Bacteria	Firmicutes	Bacilli	Lactobacillales	Streptococcaceae	Streptococcus
Eubacterium_callanderi	Bacteria	Firmicutes	Clostridia	Clostridiales	Eubacteriaceae	Eubacterium
Roseburia_sp_CAG_471	Bacteria	Firmicutes	Clostridia	Clostridiales	Lachnospiraceae	Roseburia
Actinomyces_naeslundii	Bacteria	Actinobacteria	Actinobacteria	Actinomycetales	Actinomycetaceae	Actinomyces
Firmicutes_bacterium_CAG_94	Bacteria	Firmicutes	Firmicutes_unclassified	Firmicutes_unclassified	Firmicutes_unclassified	Firmicutes_unclassified
Alistipes_onderdonkii	Bacteria	Bacteroidetes	Bacteroidia	Bacteroidales	Rikenellaceae	Alistipes
Stx2_converting_phage_1717	Viruses	Viruses_unclassified	Viruses_unclassified	Caudovirales	Siphoviridae	Siphoviridae_unclassified
Clostridium_perfringens	Bacteria	Firmicutes	Clostridia	Clostridiales	Clostridiaceae	Clostridium
Streptococcus_australis	Bacteria	Firmicutes	Bacilli	Lactobacillales	Streptococcaceae	Streptococcus
Streptococcus_gordonii	Bacteria	Firmicutes	Bacilli	Lactobacillales	Streptococcaceae	Streptococcus
Absiella_dolichum	Bacteria	Firmicutes	Erysipelotrichia	Erysipelotrichales	Erysipelotrichaceae	Absiella
Eubacterium_dolichum_CAG_375	Bacteria	Firmicutes	Clostridia	Clostridiales	Eubacteriaceae	Eubacterium
Lactobacillus_plantarum	Bacteria	Firmicutes	Bacilli	Lactobacillales	Lactobacillaceae	Lactobacillus
Lactobacillus_phage_A2	Viruses	Viruses_unclassified	Viruses_unclassified	Caudovirales	Siphoviridae	Siphoviridae_unclassified
Streptococcus_cristatus	Bacteria	Firmicutes	Bacilli	Lactobacillales	Streptococcaceae	Streptococcus
Bacteroides_plebeius	Bacteria	Bacteroidetes	Bacteroidia	Bacteroidales	Bacteroidaceae	Bacteroides
Streptococcus_mitis	Bacteria	Firmicutes	Bacilli	Lactobacillales	Streptococcaceae	Streptococcus
Mogibacterium_diversum	Bacteria	Firmicutes	Clostridia	Clostridiales	Clostridiales_Family_XIII_Incertae_Sedis	Mogibacterium
Actinomyces_oris	Bacteria	Actinobacteria	Actinobacteria	Actinomycetales	Actinomycetaceae	Actinomyces
Actinomyces_sp_ICM47	Bacteria	Actinobacteria	Actinobacteria	Actinomycetales	Actinomycetaceae	Actinomyces
Bacteroides_salyersiae	Bacteria	Bacteroidetes	Bacteroidia	Bacteroidales	Bacteroidaceae	Bacteroides
Bacteroides_faecis_CAG_32	Bacteria	Bacteroidetes	Bacteroidia	Bacteroidales	Bacteroidaceae	Bacteroides
Klebsiella_phage_phiKO2	Viruses	Viruses_unclassified	Viruses_unclassified	Caudovirales	Siphoviridae	Siphoviridae_unclassified
Gemella_morbillorum	Bacteria	Firmicutes	Bacilli	Bacillales	Bacillales_unclassified	Gemella
Streptococcus_milleri	Bacteria	Firmicutes	Bacilli	Lactobacillales	Streptococcaceae	Streptococcus
Solobacterium_moorei	Bacteria	Firmicutes	Erysipelotrichia	Erysipelotrichales	Erysipelotrichaceae	Solobacterium
Megasphaera_sp_MJR8396C	Bacteria	Firmicutes	Negativicutes	Veillonellales	Veillonellaceae	Megasphaera
Bifidobacterium_bifidum	Bacteria	Actinobacteria	Actinobacteria	Bifidobacteriales	Bifidobacteriaceae	Bifidobacterium
Escherichia_virus_P1	Viruses	Viruses_unclassified	Viruses_unclassified	Caudovirales	Myoviridae	P1virus
Sanguibacteroides_justesenii	Bacteria	Bacteroidetes	Bacteroidia	Bacteroidales	Porphyromonadaceae	Sanguibacteroides
Desulfovibrio_piger	Bacteria	Proteobacteria	Deltaproteobacteria	Desulfovibrionales	Desulfovibrionaceae	Desulfovibrio
Coprobacillus_cateniformis	Bacteria	Firmicutes	Erysipelotrichia	Erysipelotrichales	Erysipelotrichaceae	Coprobacillus
Ruminococcus_obeum_CAG_39	Bacteria	Firmicutes	Clostridia	Clostridiales	Ruminococcaceae	Ruminococcus
Cloacibacillus_evryensis	Bacteria	Synergistetes	Synergistia	Synergistales	Synergistaceae	Cloacibacillus
Enorma_massiliensis	Bacteria	Actinobacteria	Coriobacteriia	Coriobacteriales	Coriobacteriaceae	Enorma
Olsenella_scatoligenes	Bacteria	Actinobacteria	Coriobacteriia	Coriobacteriales	Atopobiaceae	Olsenella
Enterococcus_faecium	Bacteria	Firmicutes	Bacilli	Lactobacillales	Enterococcaceae	Enterococcus
Prevotella_sp_CAG_279	Bacteria	Bacteroidetes	Bacteroidia	Bacteroidales	Prevotellaceae	Prevotella
Firmicutes_bacterium_CAG_170	Bacteria	Firmicutes	Firmicutes_unclassified	Firmicutes_unclassified	Firmicutes_unclassified	Firmicutes_unclassified
Firmicutes_bacterium_CAG_238	Bacteria	Firmicutes	Firmicutes_unclassified	Firmicutes_unclassified	Firmicutes_unclassified	Firmicutes_unclassified
Roseburia_sp_CAG_309	Bacteria	Firmicutes	Clostridia	Clostridiales	Lachnospiraceae	Roseburia
Ruminococcaceae_bacterium_D5	Bacteria	Firmicutes	Clostridia	Clostridiales	Ruminococcaceae	Ruminococcaceae_unclassified
Fusobacterium_nucleatum	Bacteria	Fusobacteria	Fusobacteriia	Fusobacteriales	Fusobacteriaceae	Fusobacterium
Veillonella_dispar	Bacteria	Firmicutes	Negativicutes	Veillonellales	Veillonellaceae	Veillonella
Veillonella_infantium	Bacteria	Firmicutes	Negativicutes	Veillonellales	Veillonellaceae	Veillonella
Rothia_mucilaginosa	Bacteria	Actinobacteria	Actinobacteria	Micrococcales	Micrococcaceae	Rothia
Streptococcus_sp_F0442	Bacteria	Firmicutes	Bacilli	Lactobacillales	Streptococcaceae	Streptococcus
Oscillibacter_sp_PC13	Bacteria	Firmicutes	Clostridia	Clostridiales	Oscillospiraceae	Oscillibacter
Prevotella_corporis	Bacteria	Bacteroidetes	Bacteroidia	Bacteroidales	Prevotellaceae	Prevotella
Flavonifractor_sp_An100	Bacteria	Firmicutes	Clostridia	Clostridiales	Ruminococcaceae	Flavonifractor
Bacteroides_galacturonicus	Bacteria	Bacteroidetes	Bacteroidia	Bacteroidales	Bacteroidaceae	Bacteroides
Actinomyces_sp_S6_Spd3	Bacteria	Actinobacteria	Actinobacteria	Actinomycetales	Actinomycetaceae	Actinomyces
Bifidobacterium_catenulatum	Bacteria	Actinobacteria	Actinobacteria	Bifidobacteriales	Bifidobacteriaceae	Bifidobacterium
Salmonella_virus_FelixO1	Viruses	Viruses_unclassified	Viruses_unclassified	Caudovirales	Myoviridae	Felixo1virus
Desulfovibrio_fairfieldensis	Bacteria	Proteobacteria	Deltaproteobacteria	Desulfovibrionales	Desulfovibrionaceae	Desulfovibrio
Actinomyces_sp_HMSC035G02	Bacteria	Actinobacteria	Actinobacteria	Actinomycetales	Actinomycetaceae	Actinomyces
Actinomyces_sp_HPA0247	Bacteria	Actinobacteria	Actinobacteria	Actinomycetales	Actinomycetaceae	Actinomyces
Alloscardovia_omnicolens	Bacteria	Actinobacteria	Actinobacteria	Bifidobacteriales	Bifidobacteriaceae	Alloscardovia
Megasphaera_sp_DISK_18	Bacteria	Firmicutes	Negativicutes	Veillonellales	Veillonellaceae	Megasphaera
Allisonella_histaminiformans	Bacteria	Firmicutes	Negativicutes	Veillonellales	Veillonellaceae	Allisonella
Lactobacillus_sakei	Bacteria	Firmicutes	Bacilli	Lactobacillales	Lactobacillaceae	Lactobacillus
Lactobacillus_gasseri	Bacteria	Firmicutes	Bacilli	Lactobacillales	Lactobacillaceae	Lactobacillus
Rothia_dentocariosa	Bacteria	Actinobacteria	Actinobacteria	Micrococcales	Micrococcaceae	Rothia
Actinomyces_massiliensis	Bacteria	Actinobacteria	Actinobacteria	Actinomycetales	Actinomycetaceae	Actinomyces
Ruminococcus_sp_CAG_330	Bacteria	Firmicutes	Clostridia	Clostridiales	Ruminococcaceae	Ruminococcus
Lactobacillus_phage_Lrm1	Viruses	Viruses_unclassified	Viruses_unclassified	Caudovirales	Siphoviridae	Siphoviridae_unclassified
Actinomyces_sp_oral_taxon_448	Bacteria	Actinobacteria	Actinobacteria	Actinomycetales	Actinomycetaceae	Actinomyces
Actinomyces_graevenitzii	Bacteria	Actinobacteria	Actinobacteria	Actinomycetales	Actinomycetaceae	Actinomyces
Actinomyces_johnsonii	Bacteria	Actinobacteria	Actinobacteria	Actinomycetales	Actinomycetaceae	Actinomyces
Corynebacterium_durum	Bacteria	Actinobacteria	Actinobacteria	Corynebacteriales	Corynebacteriaceae	Corynebacterium
Olsenella_profusa	Bacteria	Actinobacteria	Coriobacteriia	Coriobacteriales	Atopobiaceae	Olsenella
Anaerostipes_caccae	Bacteria	Firmicutes	Clostridia	Clostridiales	Lachnospiraceae	Anaerostipes
Propionibacterium_freudenreichii	Bacteria	Actinobacteria	Actinobacteria	Propionibacteriales	Propionibacteriaceae	Propionibacterium
Lactobacillus_phage_Sha1	Viruses	Viruses_unclassified	Viruses_unclassified	Caudovirales	Siphoviridae	Siphoviridae_unclassified
Actinomyces_sp_oral_taxon_180	Bacteria	Actinobacteria	Actinobacteria	Actinomycetales	Actinomycetaceae	Actinomyces
Olsenella_uli	Bacteria	Actinobacteria	Coriobacteriia	Coriobacteriales	Atopobiaceae	Olsenella
Roseburia_sp_CAG_182	Bacteria	Firmicutes	Clostridia	Clostridiales	Lachnospiraceae	Roseburia
Scardovia_wiggsiae	Bacteria	Actinobacteria	Actinobacteria	Bifidobacteriales	Bifidobacteriaceae	Scardovia
Klebsiella_virus_KP36	Viruses	Viruses_unclassified	Viruses_unclassified	Caudovirales	Siphoviridae	Kp36virus
Bacteroides_coprophilus	Bacteria	Bacteroidetes	Bacteroidia	Bacteroidales	Bacteroidaceae	Bacteroides
Lactococcus_phage_340	Viruses	Viruses_unclassified	Viruses_unclassified	Caudovirales	Siphoviridae	Sk1virus
Parabacteroides_sp_CAG_409	Bacteria	Bacteroidetes	Bacteroidia	Bacteroidales	Tannerellaceae	Parabacteroides
Lactococcus_phage_Tuc2009	Viruses	Viruses_unclassified	Viruses_unclassified	Caudovirales	Siphoviridae	Siphoviridae_unclassified
Actinomyces_viscosus	Bacteria	Actinobacteria	Actinobacteria	Actinomycetales	Actinomycetaceae	Actinomyces
Enterobacteria_phage_P4	Viruses	Viruses_unclassified	Viruses_unclassified	Caudovirales	Caudovirales_unclassified	Caudovirales_unclassified
Pseudoflavonifractor_sp_An184	Bacteria	Firmicutes	Clostridia	Clostridiales	Ruminococcaceae	Pseudoflavonifractor
Phascolarctobacterium_succinatutens	Bacteria	Firmicutes	Negativicutes	Acidaminococcales	Acidaminococcaceae	Phascolarctobacterium
Streptococcus_virus_Sfi21	Viruses	Viruses_unclassified	Viruses_unclassified	Caudovirales	Siphoviridae	Sfi21dt1virus
Microbacterium_phage_Min1	Viruses	Viruses_unclassified	Viruses_unclassified	Caudovirales	Siphoviridae	Siphoviridae_unclassified
Butyrivibrio_sp_CAG_318	Bacteria	Firmicutes	Clostridia	Clostridiales	Lachnospiraceae	Butyrivibrio
Lactobacillus_ruminis	Bacteria	Firmicutes	Bacilli	Lactobacillales	Lactobacillaceae	Lactobacillus
Victivallis_vadensis	Bacteria	Lentisphaerae	Lentisphaeria	Victivallales	Victivallaceae	Victivallis
Odoribacter_laneus	Bacteria	Bacteroidetes	Bacteroidia	Bacteroidales	Odoribacteraceae	Odoribacter
Propionibacterium_acidifaciens	Bacteria	Actinobacteria	Actinobacteria	Propionibacteriales	Propionibacteriaceae	Propionibacterium
Clostridium_paraputrificum	Bacteria	Firmicutes	Clostridia	Clostridiales	Clostridiaceae	Clostridium
Eubacteriaceae_bacterium_CHKCI005	Bacteria	Firmicutes	Clostridia	Clostridiales	Eubacteriaceae	Eubacteriaceae_unclassified
Eubacterium_limosum	Bacteria	Firmicutes	Clostridia	Clostridiales	Eubacteriaceae	Eubacterium
Escherichia_marmotae	Bacteria	Proteobacteria	Gammaproteobacteria	Enterobacterales	Enterobacteriaceae	Escherichia
Lactobacillus_crispatus	Bacteria	Firmicutes	Bacilli	Lactobacillales	Lactobacillaceae	Lactobacillus
Lactobacillus_vaginalis	Bacteria	Firmicutes	Bacilli	Lactobacillales	Lactobacillaceae	Lactobacillus
Streptococcus_phage_PH15	Viruses	Viruses_unclassified	Viruses_unclassified	Caudovirales	Siphoviridae	Siphoviridae_unclassified
Lactobacillus_oris	Bacteria	Firmicutes	Bacilli	Lactobacillales	Lactobacillaceae	Lactobacillus
Atopobium_parvulum	Bacteria	Actinobacteria	Coriobacteriia	Coriobacteriales	Atopobiaceae	Atopobium
Clostridium_sp_D5	Bacteria	Firmicutes	Clostridia	Clostridiales	Clostridiaceae	Clostridium
Actinomyces_turicensis	Bacteria	Actinobacteria	Actinobacteria	Actinomycetales	Actinomycetaceae	Actinomyces
Pseudoflavonifractor_capillosus	Bacteria	Firmicutes	Clostridia	Clostridiales	Ruminococcaceae	Pseudoflavonifractor
Atopobium_rimae	Bacteria	Actinobacteria	Coriobacteriia	Coriobacteriales	Atopobiaceae	Atopobium
Gemella_haemolysans	Bacteria	Firmicutes	Bacilli	Bacillales	Bacillales_unclassified	Gemella
Catenibacterium_mitsuokai	Bacteria	Firmicutes	Erysipelotrichia	Erysipelotrichales	Erysipelotrichaceae	Catenibacterium
Massiliomicrobiota_timonensis	Bacteria	Firmicutes	Erysipelotrichia	Erysipelotrichales	Erysipelotrichaceae	Massiliomicrobiota
Firmicutes_bacterium_CAG_646	Bacteria	Firmicutes	Firmicutes_unclassified	Firmicutes_unclassified	Firmicutes_unclassified	Firmicutes_unclassified
Finegoldia_magna	Bacteria	Firmicutes	Tissierellia	Tissierellales	Peptoniphilaceae	Finegoldia
Porphyromonas_sp_HMSC065F10	Bacteria	Bacteroidetes	Bacteroidia	Bacteroidales	Porphyromonadaceae	Porphyromonas
Veillonella_sp_T11011_6	Bacteria	Firmicutes	Negativicutes	Veillonellales	Veillonellaceae	Veillonella
Eubacterium_sulci	Bacteria	Firmicutes	Clostridia	Clostridiales	Clostridiales_Family_XIII_Incertae_Sedis	Clostridiales_Family_XIII_Incertae_Sedis_unclassified
Dialister_pneumosintes	Bacteria	Firmicutes	Negativicutes	Veillonellales	Veillonellaceae	Dialister
Methanosphaera_stadtmanae	Archaea	Euryarchaeota	Methanobacteria	Methanobacteriales	Methanobacteriaceae	Methanosphaera
Lachnoclostridium_sp_An138	Bacteria	Firmicutes	Clostridia	Clostridiales	Lachnospiraceae	Lachnoclostridium
Lachnoclostridium_sp_An131	Bacteria	Firmicutes	Clostridia	Clostridiales	Lachnospiraceae	Lachnoclostridium
Anaerococcus_vaginalis	Bacteria	Firmicutes	Tissierellia	Tissierellales	Peptoniphilaceae	Anaerococcus
Streptococcus_lutetiensis	Bacteria	Firmicutes	Bacilli	Lactobacillales	Streptococcaceae	Streptococcus
Prevotella_buccalis	Bacteria	Bacteroidetes	Bacteroidia	Bacteroidales	Prevotellaceae	Prevotella
Prevotella_bivia	Bacteria	Bacteroidetes	Bacteroidia	Bacteroidales	Prevotellaceae	Prevotella
Bifidobacterium_breve	Bacteria	Actinobacteria	Actinobacteria	Bifidobacteriales	Bifidobacteriaceae	Bifidobacterium
Streptococcus_phage_SM1	Viruses	Viruses_unclassified	Viruses_unclassified	Caudovirales	Siphoviridae	Siphoviridae_unclassified
Clostridium_phage_vB_CpeS_CP51	Viruses	Viruses_unclassified	Viruses_unclassified	Caudovirales	Siphoviridae	Siphoviridae_unclassified
Clostridium_methylpentosum	Bacteria	Firmicutes	Clostridia	Clostridiales	Ruminococcaceae	Ruminococcaceae_unclassified
Megamonas_hypermegale	Bacteria	Firmicutes	Negativicutes	Selenomonadales	Selenomonadaceae	Megamonas
Megamonas_funiformis	Bacteria	Firmicutes	Negativicutes	Selenomonadales	Selenomonadaceae	Megamonas
Butyrivibrio_crossotus	Bacteria	Firmicutes	Clostridia	Clostridiales	Lachnospiraceae	Butyrivibrio
Streptococcus_virus_DT1	Viruses	Viruses_unclassified	Viruses_unclassified	Caudovirales	Siphoviridae	Sfi21dt1virus
Bacteroides_sp_D2	Bacteria	Bacteroidetes	Bacteroidia	Bacteroidales	Bacteroidaceae	Bacteroides
Lactobacillus_reuteri	Bacteria	Firmicutes	Bacilli	Lactobacillales	Lactobacillaceae	Lactobacillus
Cloacibacillus_porcorum	Bacteria	Synergistetes	Synergistia	Synergistales	Synergistaceae	Cloacibacillus
Lactococcus_phage_bIL311	Viruses	Viruses_unclassified	Viruses_unclassified	Caudovirales	Siphoviridae	Siphoviridae_unclassified
Clostridium_hylemonae	Bacteria	Firmicutes	Clostridia	Clostridiales	Lachnospiraceae	Lachnoclostridium
Lactococcus_phage_BM13	Viruses	Viruses_unclassified	Viruses_unclassified	Caudovirales	Siphoviridae	Siphoviridae_unclassified
Lactococcus_phage_P087	Viruses	Viruses_unclassified	Viruses_unclassified	Caudovirales	Siphoviridae	Siphoviridae_unclassified
Bifidobacterium_angulatum	Bacteria	Actinobacteria	Actinobacteria	Bifidobacteriales	Bifidobacteriaceae	Bifidobacterium
Anaerotruncus_sp_CAG_528	Bacteria	Firmicutes	Clostridia	Clostridiales	Ruminococcaceae	Anaerotruncus
